{"cameraMode":{"drawMode":0,"name":"Shaded","section":"Shading Mode"},"sceneLighting":false,"audioPlay":false,"sceneViewState":{"m_AlwaysRefresh":false,"showFog":true,"showSkybox":false,"showFlares":true,"showImageEffects":true,"showParticleSystems":true,"showVisualEffectGraphs":true,"m_FxEnabled":true},"in2DMode":false,"pivot":{"x":-0.0012421905994415284,"y":0.5100993514060974,"z":0.048900455236434939},"rotation":{"x":-0.016017699614167215,"y":0.9731084704399109,"z":-0.21843321621418,"w":-0.071358323097229},"size":0.5730099678039551,"orthographic":false}