{"cameraMode":{"drawMode":0,"name":"Shaded","section":"Shading Mode"},"sceneLighting":false,"audioPlay":false,"sceneViewState":{"m_AlwaysRefresh":false,"showFog":true,"showSkybox":false,"showFlares":true,"showImageEffects":true,"showParticleSystems":true,"showVisualEffectGraphs":true,"m_FxEnabled":true},"in2DMode":false,"pivot":{"x":0.0002193152904510498,"y":0.030249997973442079,"z":-0.4642692506313324},"rotation":{"x":-0.014903307892382145,"y":0.9728591442108154,"z":-0.2214449644088745,"w":-0.0654740110039711},"size":0.5081314444541931,"orthographic":false}